index,ID,Name,HP,Attack,Defense,SpAtk,SpDef,Speed,Type1,Type2,generation,legendary
0,1,Bulbasaur,45,49,49,65,65,45,Grass,Poison,1.0,0.0
1,2,Ivysaur,60,62,63,80,80,60,Grass,Poison,1.0,0.0
2,3,Venusaur,80,82,83,100,100,80,Grass,Poison,1.0,0.0
8,4,Charmander,39,52,43,60,50,65,Fire,,1.0,0.0
9,5,Charmeleon,58,64,58,80,65,80,Fire,,1.0,0.0
10,6,Charizard,78,84,78,109,85,100,Fire,Flying,1.0,0.0
22,7,Squirtle,44,48,65,50,64,43,Water,,1.0,0.0
23,8,Wartortle,59,63,80,65,80,58,Water,,1.0,0.0
24,9,Blastoise,79,83,100,85,105,78,Water,,1.0,0.0
30,10,Caterpie,45,30,35,20,20,45,Bug,,1.0,0.0
31,11,Metapod,50,20,55,25,25,30,Bug,,1.0,0.0
32,12,Butterfree,60,45,50,90,80,70,Bug,Flying,1.0,0.0
34,13,Weedle,40,35,30,20,20,50,Bug,Poison,1.0,0.0
35,14,Kakuna,45,25,50,25,25,35,Bug,Poison,1.0,0.0
36,15,Beedrill,65,90,40,45,80,75,Bug,Poison,1.0,0.0
40,16,Pidgey,40,45,40,35,35,56,Normal,Flying,1.0,0.0
41,17,Pidgeotto,63,60,55,50,50,71,Normal,Flying,1.0,0.0
42,18,Pidgeot,83,80,75,70,70,101,Normal,Flying,1.0,0.0
46,19,Rattata,30,56,35,25,35,72,Normal,,1.0,0.0
50,20,Raticate,55,81,60,50,70,97,Normal,,1.0,0.0
54,21,Spearow,40,60,30,31,31,70,Normal,Flying,1.0,0.0
55,22,Fearow,65,90,65,61,61,100,Normal,Flying,1.0,0.0
56,23,Ekans,35,60,44,40,54,55,Poison,,1.0,0.0
57,24,Arbok,60,95,69,65,79,80,Poison,,1.0,0.0
58,25,Pikachu,35,55,40,50,50,90,Electric,,1.0,0.0
62,26,Raichu,60,90,55,90,80,110,Electric,,1.0,0.0
66,27,Sandshrew,50,75,85,20,30,40,Ground,,1.0,0.0
70,28,Sandslash,75,100,110,45,55,65,Ground,,1.0,0.0
74,29,Nidoran♀,55,47,52,40,40,41,Poison,,1.0,0.0
75,30,Nidorina,70,62,67,55,55,56,Poison,,1.0,0.0
76,31,Nidoqueen,90,92,87,75,85,76,Poison,Ground,1.0,0.0
77,32,Nidoran♂,46,57,40,40,40,50,Poison,,1.0,0.0
78,33,Nidorino,61,72,57,55,55,65,Poison,,1.0,0.0
79,34,Nidoking,81,102,77,85,75,85,Poison,Ground,1.0,0.0
80,35,Clefairy,70,45,48,60,65,35,Fairy,,1.0,0.0
81,36,Clefable,95,70,73,95,90,60,Fairy,,1.0,0.0
82,37,Vulpix,38,41,40,50,65,65,Fire,,1.0,0.0
86,38,Ninetales,73,76,75,81,100,100,Fire,,1.0,0.0
90,39,Jigglypuff,115,45,20,45,25,20,Normal,Fairy,1.0,0.0
91,40,Wigglytuff,140,70,45,85,50,45,Normal,Fairy,1.0,0.0
92,41,Zubat,40,45,35,30,40,55,Poison,Flying,1.0,0.0
93,42,Golbat,75,80,70,65,75,90,Poison,Flying,1.0,0.0
94,43,Oddish,45,50,55,75,65,30,Grass,Poison,1.0,0.0
95,44,Gloom,60,65,70,85,75,40,Grass,Poison,1.0,0.0
96,45,Vileplume,75,80,85,110,90,50,Grass,Poison,1.0,0.0
97,46,Paras,35,70,55,45,55,25,Bug,Grass,1.0,0.0
98,47,Parasect,60,95,80,60,80,30,Bug,Grass,1.0,0.0
99,48,Venonat,60,55,50,40,55,45,Bug,Poison,1.0,0.0
100,49,Venomoth,70,65,60,90,75,90,Bug,Poison,1.0,0.0
101,50,Diglett,10,55,25,35,45,95,Ground,,1.0,0.0
105,51,Dugtrio,35,100,50,50,70,120,Ground,,1.0,0.0
109,52,Meowth,40,45,35,40,40,90,Normal,,1.0,0.0
118,53,Persian,65,70,60,65,65,115,Normal,,1.0,0.0
124,54,Psyduck,50,52,48,65,50,55,Water,,1.0,0.0
125,55,Golduck,80,82,78,95,80,85,Water,,1.0,0.0
126,56,Mankey,40,80,35,35,45,70,Fighting,,1.0,0.0
127,57,Primeape,65,105,60,60,70,95,Fighting,,1.0,0.0
128,58,Growlithe,55,70,45,70,50,60,Fire,,1.0,0.0
130,59,Arcanine,90,110,80,100,80,95,Fire,,1.0,0.0
132,60,Poliwag,40,50,40,40,40,90,Water,,1.0,0.0
133,61,Poliwhirl,65,65,65,50,50,90,Water,,1.0,0.0
134,62,Poliwrath,90,95,95,70,90,70,Water,Fighting,1.0,0.0
135,63,Abra,25,20,15,105,55,90,Psychic,,1.0,0.0
136,64,Kadabra,40,35,30,120,70,105,Psychic,,1.0,0.0
137,65,Alakazam,55,50,45,135,95,120,Psychic,,1.0,0.0
141,66,Machop,70,80,50,35,35,35,Fighting,,1.0,0.0
142,67,Machoke,80,100,70,50,60,45,Fighting,,1.0,0.0
143,68,Machamp,90,130,80,65,85,55,Fighting,,1.0,0.0
145,69,Bellsprout,50,75,35,70,30,40,Grass,Poison,1.0,0.0
146,70,Weepinbell,65,90,50,85,45,55,Grass,Poison,1.0,0.0
147,71,Victreebel,80,105,65,100,70,70,Grass,Poison,1.0,0.0
148,72,Tentacool,40,40,35,50,100,70,Water,Poison,1.0,0.0
149,73,Tentacruel,80,70,65,80,120,100,Water,Poison,1.0,0.0
150,74,Geodude,40,80,100,30,30,20,Rock,Ground,1.0,0.0
154,75,Graveler,55,95,115,45,45,35,Rock,Ground,1.0,0.0
158,76,Golem,80,120,130,55,65,45,Rock,Ground,1.0,0.0
162,77,Ponyta,50,85,55,65,65,90,Fire,,1.0,0.0
166,78,Rapidash,65,100,70,80,80,105,Fire,,1.0,0.0
170,79,Slowpoke,90,65,65,40,40,15,Water,Psychic,1.0,0.0
174,80,Slowbro,95,75,110,100,80,30,Water,Psychic,1.0,0.0
183,81,Magnemite,25,35,70,95,55,45,Electric,Steel,1.0,0.0
184,82,Magneton,50,60,95,120,70,70,Electric,Steel,1.0,0.0
185,83,Farfetch'd,52,90,55,58,62,60,Normal,Flying,1.0,0.0
189,84,Doduo,35,85,45,35,35,75,Normal,Flying,1.0,0.0
190,85,Dodrio,60,110,70,60,60,110,Normal,Flying,1.0,0.0
191,86,Seel,65,45,55,45,70,45,Water,,1.0,0.0
192,87,Dewgong,90,70,80,70,95,70,Water,Ice,1.0,0.0
193,88,Grimer,80,80,50,40,50,25,Poison,,1.0,0.0
197,89,Muk,105,105,75,65,100,50,Poison,,1.0,0.0
201,90,Shellder,30,65,100,45,25,40,Water,,1.0,0.0
202,91,Cloyster,50,95,180,85,45,70,Water,Ice,1.0,0.0
203,92,Gastly,30,35,30,100,35,80,Ghost,Poison,1.0,0.0
204,93,Haunter,45,50,45,115,55,95,Ghost,Poison,1.0,0.0
205,94,Gengar,60,65,60,130,75,110,Ghost,Poison,1.0,0.0
211,95,Onix,35,45,160,30,45,70,Rock,Ground,1.0,0.0
212,96,Drowzee,60,48,45,43,90,42,Psychic,,1.0,0.0
213,97,Hypno,85,73,70,73,115,67,Psychic,,1.0,0.0
214,98,Krabby,30,105,90,25,25,50,Water,,1.0,0.0
215,99,Kingler,55,130,115,50,50,75,Water,,1.0,0.0
217,100,Voltorb,40,30,50,55,55,100,Electric,,1.0,0.0
219,101,Electrode,60,50,70,80,80,150,Electric,,1.0,0.0
221,102,Exeggcute,60,40,80,60,45,40,Grass,Psychic,1.0,0.0
222,103,Exeggutor,95,95,85,125,75,55,Grass,Psychic,1.0,0.0
226,104,Cubone,50,50,95,40,50,35,Ground,,1.0,0.0
227,105,Marowak,60,80,110,50,80,45,Ground,,1.0,0.0
231,106,Hitmonlee,50,120,53,35,110,87,Fighting,,1.0,0.0
232,107,Hitmonchan,50,105,79,35,110,76,Fighting,,1.0,0.0
233,108,Lickitung,90,55,75,60,75,30,Normal,,1.0,0.0
234,109,Koffing,40,65,95,60,45,35,Poison,,1.0,0.0
235,110,Weezing,65,90,120,85,70,60,Poison,,1.0,0.0
239,111,Rhyhorn,80,85,95,30,30,25,Ground,Rock,1.0,0.0
240,112,Rhydon,105,130,120,45,45,40,Ground,Rock,1.0,0.0
241,113,Chansey,250,5,5,35,105,50,Normal,,1.0,0.0
242,114,Tangela,65,55,115,100,40,60,Grass,,1.0,0.0
243,115,Kangaskhan,105,95,80,40,80,90,Normal,,1.0,0.0
247,116,Horsea,30,40,70,70,25,60,Water,,1.0,0.0
248,117,Seadra,55,65,95,95,45,85,Water,,1.0,0.0
249,118,Goldeen,45,67,60,35,50,63,Water,,1.0,0.0
250,119,Seaking,80,92,65,65,80,68,Water,,1.0,0.0
251,120,Staryu,30,45,55,70,55,85,Water,,1.0,0.0
252,121,Starmie,60,75,85,100,85,115,Water,Psychic,1.0,0.0
253,122,Mr. Mime,40,45,65,100,120,90,Psychic,Fairy,1.0,0.0
257,123,Scyther,70,110,80,55,80,105,Bug,Flying,1.0,0.0
258,124,Jynx,65,50,35,115,95,95,Ice,Psychic,1.0,0.0
259,125,Electabuzz,65,83,57,95,85,105,Electric,,1.0,0.0
260,126,Magmar,65,95,57,100,85,93,Fire,,1.0,0.0
261,127,Pinsir,65,125,100,55,70,85,Bug,,1.0,0.0
265,128,Tauros,75,100,95,40,70,110,Normal,,1.0,0.0
269,129,Magikarp,20,10,55,15,20,80,Water,,1.0,0.0
270,130,Gyarados,95,125,79,60,100,81,Water,Flying,1.0,0.0
274,131,Lapras,130,85,80,85,95,60,Water,Ice,1.0,0.0
276,132,Ditto,48,48,48,48,48,48,Normal,,1.0,0.0
277,133,Eevee,55,55,50,45,65,55,Normal,,1.0,0.0
281,134,Vaporeon,130,65,60,110,95,65,Water,,1.0,0.0
282,135,Jolteon,65,65,60,110,95,130,Electric,,1.0,0.0
283,136,Flareon,65,130,60,95,110,65,Fire,,1.0,0.0
284,137,Porygon,65,60,70,85,75,40,Normal,,1.0,0.0
285,138,Omanyte,35,40,100,90,55,35,Rock,Water,1.0,0.0
286,139,Omastar,70,60,125,115,70,55,Rock,Water,1.0,0.0
287,140,Kabuto,30,80,90,55,45,55,Rock,Water,1.0,0.0
288,141,Kabutops,60,115,105,65,70,80,Rock,Water,1.0,0.0
289,142,Aerodactyl,80,105,65,60,75,130,Rock,Flying,1.0,0.0
293,143,Snorlax,160,110,65,65,110,30,Normal,,1.0,0.0
295,144,Articuno,90,85,100,95,125,85,Ice,Flying,1.0,1.0
299,145,Zapdos,90,90,85,125,90,100,Electric,Flying,1.0,1.0
303,146,Moltres,90,100,90,125,85,90,Fire,Flying,1.0,1.0
307,147,Dratini,41,64,45,50,50,50,Dragon,,1.0,0.0
308,148,Dragonair,61,84,65,70,70,70,Dragon,,1.0,0.0
309,149,Dragonite,91,134,95,100,100,80,Dragon,Flying,1.0,0.0
310,150,Mewtwo,106,110,90,154,90,130,Psychic,,1.0,1.0
319,151,Mew,100,100,100,100,100,100,Psychic,,1.0,1.0
320,152,Chikorita,45,49,65,49,65,45,Grass,,2.0,0.0
321,153,Bayleef,60,62,80,63,80,60,Grass,,2.0,0.0
322,154,Meganium,80,82,100,83,100,80,Grass,,2.0,0.0
323,155,Cyndaquil,39,52,43,60,50,65,Fire,,2.0,0.0
324,156,Quilava,58,64,58,80,65,80,Fire,,2.0,0.0
325,157,Typhlosion,78,84,78,109,85,100,Fire,,2.0,0.0
327,158,Totodile,50,65,64,44,48,43,Water,,2.0,0.0
328,159,Croconaw,65,80,80,59,63,58,Water,,2.0,0.0
329,160,Feraligatr,85,105,100,79,83,78,Water,,2.0,0.0
330,161,Sentret,35,46,34,35,45,20,Normal,,2.0,0.0
331,162,Furret,85,76,64,45,55,90,Normal,,2.0,0.0
332,163,Hoothoot,60,30,30,36,56,50,Normal,Flying,2.0,0.0
333,164,Noctowl,100,50,50,86,96,70,Normal,Flying,2.0,0.0
334,165,Ledyba,40,20,30,40,80,55,Bug,Flying,2.0,0.0
335,166,Ledian,55,35,50,55,110,85,Bug,Flying,2.0,0.0
336,167,Spinarak,40,60,40,40,40,30,Bug,Poison,2.0,0.0
337,168,Ariados,70,90,70,60,70,40,Bug,Poison,2.0,0.0
338,169,Crobat,85,90,80,70,80,130,Poison,Flying,2.0,0.0
339,170,Chinchou,75,38,38,56,56,67,Water,Electric,2.0,0.0
340,171,Lanturn,125,58,58,76,76,67,Water,Electric,2.0,0.0
341,172,Pichu,20,40,15,35,35,60,Electric,,2.0,0.0
342,173,Cleffa,50,25,28,45,55,15,Fairy,,2.0,0.0
343,174,Igglybuff,90,30,15,40,20,15,Normal,Fairy,2.0,0.0
344,175,Togepi,35,20,65,40,65,20,Fairy,,2.0,0.0
345,176,Togetic,55,40,85,80,105,40,Fairy,Flying,2.0,0.0
346,177,Natu,40,50,45,70,45,70,Psychic,Flying,2.0,0.0
347,178,Xatu,65,75,70,95,70,95,Psychic,Flying,2.0,0.0
348,179,Mareep,55,40,40,65,45,35,Electric,,2.0,0.0
349,180,Flaaffy,70,55,55,80,60,45,Electric,,2.0,0.0
350,181,Ampharos,90,75,85,115,90,55,Electric,,2.0,0.0
354,182,Bellossom,75,80,95,90,100,50,Grass,,2.0,0.0
355,183,Marill,70,20,50,20,50,40,Water,Fairy,2.0,0.0
356,184,Azumarill,100,50,80,60,80,50,Water,Fairy,2.0,0.0
357,185,Sudowoodo,70,100,115,30,65,30,Rock,,2.0,0.0
358,186,Politoed,90,75,75,90,100,70,Water,,2.0,0.0
359,187,Hoppip,35,35,40,35,55,50,Grass,Flying,2.0,0.0
360,188,Skiploom,55,45,50,45,65,80,Grass,Flying,2.0,0.0
361,189,Jumpluff,75,55,70,55,95,110,Grass,Flying,2.0,0.0
362,190,Aipom,55,70,55,40,55,85,Normal,,2.0,0.0
363,191,Sunkern,30,30,30,30,30,30,Grass,,2.0,0.0
364,192,Sunflora,75,75,55,105,85,30,Grass,,2.0,0.0
365,193,Yanma,65,65,45,75,45,95,Bug,Flying,2.0,0.0
366,194,Wooper,55,45,45,25,25,15,Water,Ground,2.0,0.0
368,195,Quagsire,95,85,85,65,65,35,Water,Ground,2.0,0.0
369,196,Espeon,65,65,60,130,95,110,Psychic,,2.0,0.0
370,197,Umbreon,95,65,110,60,130,65,Dark,,2.0,0.0
371,198,Murkrow,60,85,42,85,42,91,Dark,Flying,2.0,0.0
372,199,Slowking,95,75,80,100,110,30,Water,Psychic,2.0,0.0
376,200,Misdreavus,60,60,60,85,85,85,Ghost,,2.0,0.0
377,201,Unown,48,72,48,72,48,48,Psychic,,2.0,0.0
378,202,Wobbuffet,190,33,58,33,58,33,Psychic,,2.0,0.0
379,203,Girafarig,70,80,65,90,65,85,Normal,Psychic,2.0,0.0
380,204,Pineco,50,65,90,35,35,15,Bug,,2.0,0.0
381,205,Forretress,75,90,140,60,60,40,Bug,Steel,2.0,0.0
382,206,Dunsparce,100,70,70,65,65,45,Normal,,2.0,0.0
383,207,Gligar,65,75,105,35,65,85,Ground,Flying,2.0,0.0
384,208,Steelix,75,85,200,55,65,30,Steel,Ground,2.0,0.0
388,209,Snubbull,60,80,50,40,40,30,Fairy,,2.0,0.0
389,210,Granbull,90,120,75,60,60,45,Fairy,,2.0,0.0
390,211,Qwilfish,65,95,85,55,55,85,Water,Poison,2.0,0.0
392,212,Scizor,70,130,100,55,80,65,Bug,Steel,2.0,0.0
396,213,Shuckle,20,10,230,10,230,5,Bug,Rock,2.0,0.0
397,214,Heracross,80,125,75,40,95,85,Bug,Fighting,2.0,0.0
401,215,Sneasel,55,95,55,35,75,115,Dark,Ice,2.0,0.0
403,216,Teddiursa,60,80,50,50,50,40,Normal,,2.0,0.0
404,217,Ursaring,90,130,75,75,75,55,Normal,,2.0,0.0
405,218,Slugma,40,40,40,70,40,20,Fire,,2.0,0.0
406,219,Magcargo,60,50,120,90,80,30,Fire,Rock,2.0,0.0
407,220,Swinub,50,50,40,30,30,50,Ice,Ground,2.0,0.0
408,221,Piloswine,100,100,80,60,60,50,Ice,Ground,2.0,0.0
409,222,Corsola,65,55,95,65,95,35,Water,Rock,2.0,0.0
413,223,Remoraid,35,65,35,65,35,65,Water,,2.0,0.0
414,224,Octillery,75,105,75,105,75,45,Water,,2.0,0.0
415,225,Delibird,45,55,45,65,45,75,Ice,Flying,2.0,0.0
416,226,Mantine,85,40,70,80,140,70,Water,Flying,2.0,0.0
417,227,Skarmory,65,80,140,40,70,70,Steel,Flying,2.0,0.0
418,228,Houndour,45,60,30,80,50,65,Dark,Fire,2.0,0.0
419,229,Houndoom,75,90,50,110,80,95,Dark,Fire,2.0,0.0
423,230,Kingdra,75,95,95,95,95,85,Water,Dragon,2.0,0.0
424,231,Phanpy,90,60,60,40,40,40,Ground,,2.0,0.0
425,232,Donphan,90,120,120,60,60,50,Ground,,2.0,0.0
426,233,Porygon2,85,80,90,105,95,60,Normal,,2.0,0.0
427,234,Stantler,73,95,62,85,65,85,Normal,,2.0,0.0
428,235,Smeargle,55,20,35,20,45,75,Normal,,2.0,0.0
429,236,Tyrogue,35,35,35,35,35,35,Fighting,,2.0,0.0
430,237,Hitmontop,50,95,95,35,110,70,Fighting,,2.0,0.0
431,238,Smoochum,45,30,15,85,65,65,Ice,Psychic,2.0,0.0
432,239,Elekid,45,63,37,65,55,95,Electric,,2.0,0.0
433,240,Magby,45,75,37,70,55,83,Fire,,2.0,0.0
434,241,Miltank,95,80,105,40,70,100,Normal,,2.0,0.0
435,242,Blissey,255,10,10,75,135,55,Normal,,2.0,0.0
436,243,Raikou,90,85,75,115,100,115,Electric,,2.0,1.0
437,244,Entei,115,115,85,90,75,100,Fire,,2.0,1.0
438,245,Suicune,100,75,115,90,115,85,Water,,2.0,1.0
439,246,Larvitar,50,64,50,45,50,41,Rock,Ground,2.0,0.0
440,247,Pupitar,70,84,70,65,70,51,Rock,Ground,2.0,0.0
441,248,Tyranitar,100,134,110,95,100,61,Rock,Dark,2.0,0.0
445,249,Lugia,106,90,130,90,154,110,Psychic,Flying,2.0,1.0
446,250,Ho-oh,106,130,90,110,154,90,Fire,Flying,2.0,1.0
447,251,Celebi,100,100,100,100,100,100,Psychic,Grass,2.0,1.0
448,252,Treecko,40,45,35,65,55,70,Grass,,3.0,0.0
449,253,Grovyle,50,65,45,85,65,95,Grass,,3.0,0.0
450,254,Sceptile,70,85,65,105,85,120,Grass,,3.0,0.0
454,255,Torchic,45,60,40,70,50,45,Fire,,3.0,0.0
455,256,Combusken,60,85,60,85,60,55,Fire,Fighting,3.0,0.0
456,257,Blaziken,80,120,70,110,70,80,Fire,Fighting,3.0,0.0
460,258,Mudkip,50,70,50,50,50,40,Water,,3.0,0.0
461,259,Marshtomp,70,85,70,60,70,50,Water,Ground,3.0,0.0
462,260,Swampert,100,110,90,85,90,60,Water,Ground,3.0,0.0
466,261,Poochyena,35,55,35,30,30,35,Dark,,3.0,0.0
467,262,Mightyena,70,90,70,60,60,70,Dark,,3.0,0.0
468,263,Zigzagoon,38,30,41,30,41,60,Normal,,3.0,0.0
472,264,Linoone,78,70,61,50,61,100,Normal,,3.0,0.0
476,265,Wurmple,45,45,35,20,30,20,Bug,,3.0,0.0
477,266,Silcoon,50,35,55,25,25,15,Bug,,3.0,0.0
478,267,Beautifly,60,70,50,100,50,65,Bug,Flying,3.0,0.0
479,268,Cascoon,50,35,55,25,25,15,Bug,,3.0,0.0
480,269,Dustox,60,50,70,50,90,65,Bug,Poison,3.0,0.0
481,270,Lotad,40,30,30,40,50,30,Water,Grass,3.0,0.0
482,271,Lombre,60,50,50,60,70,50,Water,Grass,3.0,0.0
483,272,Ludicolo,80,70,70,90,100,70,Water,Grass,3.0,0.0
484,273,Seedot,40,40,50,30,30,30,Grass,,3.0,0.0
485,274,Nuzleaf,70,70,40,60,40,60,Grass,Dark,3.0,0.0
486,275,Shiftry,90,100,60,90,60,80,Grass,Dark,3.0,0.0
487,276,Taillow,40,55,30,30,30,85,Normal,Flying,3.0,0.0
488,277,Swellow,60,85,60,75,50,125,Normal,Flying,3.0,0.0
489,278,Wingull,40,30,30,55,30,85,Water,Flying,3.0,0.0
490,279,Pelipper,60,50,100,95,70,65,Water,Flying,3.0,0.0
491,280,Ralts,28,25,25,45,35,40,Psychic,Fairy,3.0,0.0
492,281,Kirlia,38,35,35,65,55,50,Psychic,Fairy,3.0,0.0
493,282,Gardevoir,68,65,65,125,115,80,Psychic,Fairy,3.0,0.0
497,283,Surskit,40,30,32,50,52,65,Bug,Water,3.0,0.0
498,284,Masquerain,70,60,62,100,82,80,Bug,Flying,3.0,0.0
499,285,Shroomish,60,40,60,40,60,35,Grass,,3.0,0.0
500,286,Breloom,60,130,80,60,60,70,Grass,Fighting,3.0,0.0
501,287,Slakoth,60,60,60,35,35,30,Normal,,3.0,0.0
502,288,Vigoroth,80,80,80,55,55,90,Normal,,3.0,0.0
503,289,Slaking,150,160,100,95,65,100,Normal,,3.0,0.0
504,290,Nincada,31,45,90,30,30,40,Bug,Ground,3.0,0.0
505,291,Ninjask,61,90,45,50,50,160,Bug,Flying,3.0,0.0
506,292,Shedinja,1,90,45,30,30,40,Bug,Ghost,3.0,0.0
507,293,Whismur,64,51,23,51,23,28,Normal,,3.0,0.0
508,294,Loudred,84,71,43,71,43,48,Normal,,3.0,0.0
509,295,Exploud,104,91,63,91,73,68,Normal,,3.0,0.0
510,296,Makuhita,72,60,30,20,30,25,Fighting,,3.0,0.0
511,297,Hariyama,144,120,60,40,60,50,Fighting,,3.0,0.0
512,298,Azurill,50,20,40,20,40,20,Normal,Fairy,3.0,0.0
513,299,Nosepass,30,45,135,45,90,30,Rock,,3.0,0.0
514,300,Skitty,50,45,45,35,35,50,Normal,,3.0,0.0
515,301,Delcatty,70,65,65,55,55,90,Normal,,3.0,0.0
516,302,Sableye,50,75,75,65,65,50,Dark,Ghost,3.0,0.0
520,303,Mawile,50,85,85,55,55,50,Steel,Fairy,3.0,0.0
524,304,Aron,50,70,100,40,40,30,Steel,Rock,3.0,0.0
525,305,Lairon,60,90,140,50,50,40,Steel,Rock,3.0,0.0
526,306,Aggron,70,110,180,60,60,50,Steel,Rock,3.0,0.0
530,307,Meditite,30,40,55,40,55,60,Fighting,Psychic,3.0,0.0
531,308,Medicham,60,60,75,60,75,80,Fighting,Psychic,3.0,0.0
535,309,Electrike,40,45,40,65,40,65,Electric,,3.0,0.0
536,310,Manectric,70,75,60,105,60,105,Electric,,3.0,0.0
540,311,Plusle,60,50,40,85,75,95,Electric,,3.0,0.0
541,312,Minun,60,40,50,75,85,95,Electric,,3.0,0.0
542,313,Volbeat,65,73,75,47,85,85,Bug,,3.0,0.0
543,314,Illumise,65,47,75,73,85,85,Bug,,3.0,0.0
544,315,Roselia,50,60,45,100,80,65,Grass,Poison,3.0,0.0
545,316,Gulpin,70,43,53,43,53,40,Poison,,3.0,0.0
546,317,Swalot,100,73,83,73,83,55,Poison,,3.0,0.0
547,318,Carvanha,45,90,20,65,20,65,Water,Dark,3.0,0.0
548,319,Sharpedo,70,120,40,95,40,95,Water,Dark,3.0,0.0
552,320,Wailmer,130,70,35,70,35,60,Water,,3.0,0.0
553,321,Wailord,170,90,45,90,45,60,Water,,3.0,0.0
554,322,Numel,60,60,40,65,45,35,Fire,Ground,3.0,0.0
555,323,Camerupt,70,100,70,105,75,40,Fire,Ground,3.0,0.0
559,324,Torkoal,70,85,140,85,70,20,Fire,,3.0,0.0
560,325,Spoink,60,25,35,70,80,60,Psychic,,3.0,0.0
561,326,Grumpig,80,45,65,90,110,80,Psychic,,3.0,0.0
562,327,Spinda,60,60,60,60,60,60,Normal,,3.0,0.0
563,328,Trapinch,45,100,45,45,45,10,Ground,,3.0,0.0
564,329,Vibrava,50,70,50,50,50,70,Ground,Dragon,3.0,0.0
565,330,Flygon,80,100,80,80,80,100,Ground,Dragon,3.0,0.0
566,331,Cacnea,50,85,40,85,40,35,Grass,,3.0,0.0
567,332,Cacturne,70,115,60,115,60,55,Grass,Dark,3.0,0.0
568,333,Swablu,45,40,60,40,75,50,Normal,Flying,3.0,0.0
569,334,Altaria,75,70,90,70,105,80,Dragon,Flying,3.0,0.0
573,335,Zangoose,73,115,60,60,60,90,Normal,,3.0,0.0
574,336,Seviper,73,100,60,100,60,65,Poison,,3.0,0.0
575,337,Lunatone,90,55,65,95,85,70,Rock,Psychic,3.0,0.0
576,338,Solrock,90,95,85,55,65,70,Rock,Psychic,3.0,0.0
577,339,Barboach,50,48,43,46,41,60,Water,Ground,3.0,0.0
578,340,Whiscash,110,78,73,76,71,60,Water,Ground,3.0,0.0
579,341,Corphish,43,80,65,50,35,35,Water,,3.0,0.0
580,342,Crawdaunt,63,120,85,90,55,55,Water,Dark,3.0,0.0
581,343,Baltoy,40,40,55,40,70,55,Ground,Psychic,3.0,0.0
582,344,Claydol,60,70,105,70,120,75,Ground,Psychic,3.0,0.0
583,345,Lileep,66,41,77,61,87,23,Rock,Grass,3.0,0.0
584,346,Cradily,86,81,97,81,107,43,Rock,Grass,3.0,0.0
585,347,Anorith,45,95,50,40,50,75,Rock,Bug,3.0,0.0
586,348,Armaldo,75,125,100,70,80,45,Rock,Bug,3.0,0.0
587,349,Feebas,20,15,20,10,55,80,Water,,3.0,0.0
588,350,Milotic,95,60,79,100,125,81,Water,,3.0,0.0
589,351,Castform,70,70,70,70,70,70,Normal,,3.0,0.0
593,352,Kecleon,60,90,70,60,120,40,Normal,,3.0,0.0
594,353,Shuppet,44,75,35,63,33,45,Ghost,,3.0,0.0
595,354,Banette,64,115,65,83,63,65,Ghost,,3.0,0.0
599,355,Duskull,20,40,90,30,90,25,Ghost,,3.0,0.0
600,356,Dusclops,40,70,130,60,130,25,Ghost,,3.0,0.0
601,357,Tropius,99,68,83,72,87,51,Grass,Flying,3.0,0.0
602,358,Chimecho,75,50,80,95,90,65,Psychic,,3.0,0.0
603,359,Absol,65,130,60,75,60,75,Dark,,3.0,0.0
607,360,Wynaut,95,23,48,23,48,23,Psychic,,3.0,0.0
608,361,Snorunt,50,50,50,50,50,50,Ice,,3.0,0.0
609,362,Glalie,80,80,80,80,80,80,Ice,,3.0,0.0
613,363,Spheal,70,40,50,55,50,25,Ice,Water,3.0,0.0
614,364,Sealeo,90,60,70,75,70,45,Ice,Water,3.0,0.0
615,365,Walrein,110,80,90,95,90,65,Ice,Water,3.0,0.0
616,366,Clamperl,35,64,85,74,55,32,Water,,3.0,0.0
617,367,Huntail,55,104,105,94,75,52,Water,,3.0,0.0
618,368,Gorebyss,55,84,105,114,75,52,Water,,3.0,0.0
619,369,Relicanth,100,90,130,45,65,55,Water,Rock,3.0,0.0
620,370,Luvdisc,43,30,55,40,65,97,Water,,3.0,0.0
621,371,Bagon,45,75,60,40,30,50,Dragon,,3.0,0.0
622,372,Shelgon,65,95,100,60,50,50,Dragon,,3.0,0.0
623,373,Salamence,95,135,80,110,80,100,Dragon,Flying,3.0,0.0
627,374,Beldum,40,55,80,35,60,30,Steel,Psychic,3.0,0.0
628,375,Metang,60,75,100,55,80,50,Steel,Psychic,3.0,0.0
629,376,Metagross,80,135,130,95,90,70,Steel,Psychic,3.0,0.0
633,377,Regirock,80,100,200,50,100,50,Rock,,3.0,1.0
634,378,Regice,80,50,100,100,200,50,Ice,,3.0,1.0
635,379,Registeel,80,75,150,75,150,50,Steel,,3.0,1.0
636,380,Latias,80,80,90,110,130,110,Dragon,Psychic,3.0,1.0
640,381,Latios,80,90,80,130,110,110,Dragon,Psychic,3.0,1.0
644,382,Kyogre,100,100,90,150,140,90,Water,,3.0,1.0
648,383,Groudon,100,150,140,100,90,90,Ground,,3.0,1.0
652,384,Rayquaza,105,150,90,150,90,95,Dragon,Flying,3.0,1.0
656,385,Jirachi,100,100,100,100,100,100,Steel,Psychic,3.0,1.0
657,386,Deoxys Normal Forme,50,150,50,150,50,150,Psychic,,3.0,1.0
673,387,Turtwig,55,68,64,45,55,31,Grass,,4.0,0.0
674,388,Grotle,75,89,85,55,65,36,Grass,,4.0,0.0
675,389,Torterra,95,109,105,75,85,56,Grass,Ground,4.0,0.0
676,390,Chimchar,44,58,44,58,44,61,Fire,,4.0,0.0
677,391,Monferno,64,78,52,78,52,81,Fire,Fighting,4.0,0.0
678,392,Infernape,76,104,71,104,71,108,Fire,Fighting,4.0,0.0
679,393,Piplup,53,51,53,61,56,40,Water,,4.0,0.0
680,394,Prinplup,64,66,68,81,76,50,Water,,4.0,0.0
681,395,Empoleon,84,86,88,111,101,60,Water,Steel,4.0,0.0
682,396,Starly,40,55,30,30,30,60,Normal,Flying,4.0,0.0
683,397,Staravia,55,75,50,40,40,80,Normal,Flying,4.0,0.0
684,398,Staraptor,85,120,70,50,60,100,Normal,Flying,4.0,0.0
685,399,Bidoof,59,45,40,35,40,31,Normal,,4.0,0.0
686,400,Bibarel,79,85,60,55,60,71,Normal,Water,4.0,0.0
687,401,Kricketot,37,25,41,25,41,25,Bug,,4.0,0.0
688,402,Kricketune,77,85,51,55,51,65,Bug,,4.0,0.0
689,403,Shinx,45,65,34,40,34,45,Electric,,4.0,0.0
690,404,Luxio,60,85,49,60,49,60,Electric,,4.0,0.0
691,405,Luxray,80,120,79,95,79,70,Electric,,4.0,0.0
692,406,Budew,40,30,35,50,70,55,Grass,Poison,4.0,0.0
693,407,Roserade,60,70,65,125,105,90,Grass,Poison,4.0,0.0
694,408,Cranidos,67,125,40,30,30,58,Rock,,4.0,0.0
695,409,Rampardos,97,165,60,65,50,58,Rock,,4.0,0.0
696,410,Shieldon,30,42,118,42,88,30,Rock,Steel,4.0,0.0
697,411,Bastiodon,60,52,168,47,138,30,Rock,Steel,4.0,0.0
698,412,Burmy Plant Cloak,40,29,45,29,45,36,Bug,,4.0,0.0
701,413,Wormadam Plant Cloak,60,59,85,79,105,36,Bug,Grass,4.0,0.0
710,414,Mothim,70,94,50,94,50,66,Bug,Flying,4.0,0.0
711,415,Combee,30,30,42,30,42,70,Bug,Flying,4.0,0.0
712,416,Vespiquen,70,80,102,80,102,40,Bug,Flying,4.0,0.0
713,417,Pachirisu,60,45,70,45,90,95,Electric,,4.0,0.0
714,418,Buizel,55,65,35,60,30,85,Water,,4.0,0.0
715,419,Floatzel,85,105,55,85,50,115,Water,,4.0,0.0
716,420,Cherubi,45,35,45,62,53,35,Grass,,4.0,0.0
717,421,Cherrim,70,60,70,87,78,85,Grass,,4.0,0.0
718,422,Shellos,76,48,48,57,62,34,Water,,4.0,0.0
719,423,Gastrodon,111,83,68,92,82,39,Water,Ground,4.0,0.0
720,424,Ambipom,75,100,66,60,66,115,Normal,,4.0,0.0
721,425,Drifloon,90,50,34,60,44,70,Ghost,Flying,4.0,0.0
722,426,Drifblim,150,80,44,90,54,80,Ghost,Flying,4.0,0.0
723,427,Buneary,55,66,44,44,56,85,Normal,,4.0,0.0
724,428,Lopunny,65,76,84,54,96,105,Normal,,4.0,0.0
728,429,Mismagius,60,60,60,105,105,105,Ghost,,4.0,0.0
729,430,Honchkrow,100,125,52,105,52,71,Dark,Flying,4.0,0.0
730,431,Glameow,49,55,42,42,37,85,Normal,,4.0,0.0
731,432,Purugly,71,82,64,64,59,112,Normal,,4.0,0.0
732,433,Chingling,45,30,50,65,50,45,Psychic,,4.0,0.0
733,434,Stunky,63,63,47,41,41,74,Poison,Dark,4.0,0.0
734,435,Skuntank,103,93,67,71,61,84,Poison,Dark,4.0,0.0
735,436,Bronzor,57,24,86,24,86,23,Steel,Psychic,4.0,0.0
736,437,Bronzong,67,89,116,79,116,33,Steel,Psychic,4.0,0.0
737,438,Bonsly,50,80,95,10,45,10,Rock,,4.0,0.0
738,439,Mime Jr.,20,25,45,70,90,60,Psychic,Fairy,4.0,0.0
739,440,Happiny,100,5,5,15,65,30,Normal,,4.0,0.0
740,441,Chatot,76,65,45,92,42,91,Normal,Flying,4.0,0.0
741,442,Spiritomb,50,92,108,92,108,35,Ghost,Dark,4.0,0.0
742,443,Gible,58,70,45,40,45,42,Dragon,Ground,4.0,0.0
743,444,Gabite,68,90,65,50,55,82,Dragon,Ground,4.0,0.0
744,445,Garchomp,108,130,95,80,85,102,Dragon,Ground,4.0,0.0
748,446,Munchlax,135,85,40,40,85,5,Normal,,4.0,0.0
749,447,Riolu,40,70,40,35,40,60,Fighting,,4.0,0.0
750,448,Lucario,70,110,70,115,70,90,Fighting,Steel,4.0,0.0
754,449,Hippopotas,68,72,78,38,42,32,Ground,,4.0,0.0
755,450,Hippowdon,108,112,118,68,72,47,Ground,,4.0,0.0
756,451,Skorupi,40,50,90,30,55,65,Poison,Bug,4.0,0.0
757,452,Drapion,70,90,110,60,75,95,Poison,Dark,4.0,0.0
758,453,Croagunk,48,61,40,61,40,50,Poison,Fighting,4.0,0.0
759,454,Toxicroak,83,106,65,86,65,85,Poison,Fighting,4.0,0.0
760,455,Carnivine,74,100,72,90,72,46,Grass,,4.0,0.0
761,456,Finneon,49,49,56,49,61,66,Water,,4.0,0.0
762,457,Lumineon,69,69,76,69,86,91,Water,,4.0,0.0
763,458,Mantyke,45,20,50,60,120,50,Water,Flying,4.0,0.0
764,459,Snover,60,62,50,62,60,40,Grass,Ice,4.0,0.0
765,460,Abomasnow,90,92,75,92,85,60,Grass,Ice,4.0,0.0
769,461,Weavile,70,120,65,45,85,125,Dark,Ice,4.0,0.0
770,462,Magnezone,70,70,115,130,90,60,Electric,Steel,4.0,0.0
771,463,Lickilicky,110,85,95,80,95,50,Normal,,4.0,0.0
772,464,Rhyperior,115,140,130,55,55,40,Ground,Rock,4.0,0.0
773,465,Tangrowth,100,100,125,110,50,50,Grass,,4.0,0.0
774,466,Electivire,75,123,67,95,85,95,Electric,,4.0,0.0
775,467,Magmortar,75,95,67,125,95,83,Fire,,4.0,0.0
776,468,Togekiss,85,50,95,120,115,80,Fairy,Flying,4.0,0.0
777,469,Yanmega,86,76,86,116,56,95,Bug,Flying,4.0,0.0
778,470,Leafeon,65,110,130,60,65,95,Grass,,4.0,0.0
779,471,Glaceon,65,60,110,130,95,65,Ice,,4.0,0.0
780,472,Gliscor,75,95,125,45,75,95,Ground,Flying,4.0,0.0
781,473,Mamoswine,110,130,80,70,60,80,Ice,Ground,4.0,0.0
782,474,Porygon-Z,85,80,70,135,75,90,Normal,,4.0,0.0
783,475,Gallade,68,125,65,65,115,80,Psychic,Fighting,4.0,0.0
787,476,Probopass,60,55,145,75,150,40,Rock,Steel,4.0,0.0
788,477,Dusknoir,45,100,135,65,135,45,Ghost,,4.0,0.0
789,478,Froslass,70,80,70,80,70,110,Ice,Ghost,4.0,0.0
790,479,Rotom,50,50,77,95,77,91,Electric,Ghost,4.0,0.0
826,480,Uxie,75,75,130,75,130,95,Psychic,,4.0,1.0
827,481,Mesprit,80,105,105,105,105,80,Psychic,,4.0,1.0
828,482,Azelf,75,125,70,125,70,115,Psychic,,4.0,1.0
829,483,Dialga,100,120,120,150,100,90,Steel,Dragon,4.0,1.0
831,484,Palkia,90,120,100,150,120,100,Water,Dragon,4.0,1.0
833,485,Heatran,91,90,106,130,106,77,Fire,Steel,4.0,1.0
834,486,Regigigas,110,160,110,80,110,100,Normal,,4.0,1.0
835,487,Giratina Altered Forme,150,100,120,100,120,90,Ghost,Dragon,4.0,1.0
839,488,Cresselia,120,70,110,75,120,85,Psychic,,4.0,1.0
840,489,Phione,80,80,80,80,80,80,Water,,4.0,1.0
841,490,Manaphy,100,100,100,100,100,100,Water,,4.0,1.0
842,491,Darkrai,70,90,90,135,90,125,Dark,,4.0,1.0
843,492,Shaymin Land Forme,100,100,100,100,100,100,Grass,,4.0,1.0
847,493,Arceus,120,120,120,120,120,120,Normal,,4.0,1.0
848,494,Victini,100,100,100,100,100,100,Psychic,Fire,5.0,1.0
849,495,Snivy,45,45,55,45,55,63,Grass,,5.0,0.0
850,496,Servine,60,60,75,60,75,83,Grass,,5.0,0.0
851,497,Serperior,75,75,95,75,95,113,Grass,,5.0,0.0
852,498,Tepig,65,63,45,45,45,45,Fire,,5.0,0.0
853,499,Pignite,90,93,55,70,55,55,Fire,Fighting,5.0,0.0
854,500,Emboar,110,123,65,100,65,65,Fire,Fighting,5.0,0.0
855,501,Oshawott,55,55,45,63,45,45,Water,,5.0,0.0
856,502,Dewott,75,75,60,83,60,60,Water,,5.0,0.0
857,503,Samurott,95,100,85,108,70,70,Water,,5.0,0.0
859,504,Patrat,45,55,39,35,39,42,Normal,,5.0,0.0
860,505,Watchog,60,85,69,60,69,77,Normal,,5.0,0.0
861,506,Lillipup,45,60,45,25,45,55,Normal,,5.0,0.0
862,507,Herdier,65,80,65,35,65,60,Normal,,5.0,0.0
863,508,Stoutland,85,110,90,45,90,80,Normal,,5.0,0.0
864,509,Purrloin,41,50,37,50,37,66,Dark,,5.0,0.0
865,510,Liepard,64,88,50,88,50,106,Dark,,5.0,0.0
866,511,Pansage,50,53,48,53,48,64,Grass,,5.0,0.0
867,512,Simisage,75,98,63,98,63,101,Grass,,5.0,0.0
868,513,Pansear,50,53,48,53,48,64,Fire,,5.0,0.0
869,514,Simisear,75,98,63,98,63,101,Fire,,5.0,0.0
870,515,Panpour,50,53,48,53,48,64,Water,,5.0,0.0
871,516,Simipour,75,98,63,98,63,101,Water,,5.0,0.0
872,517,Munna,76,25,45,67,55,24,Psychic,,5.0,0.0
873,518,Musharna,116,55,85,107,95,29,Psychic,,5.0,0.0
874,519,Pidove,50,55,50,36,30,43,Normal,Flying,5.0,0.0
875,520,Tranquill,62,77,62,50,42,65,Normal,Flying,5.0,0.0
876,521,Unfezant,80,115,80,65,55,93,Normal,Flying,5.0,0.0
877,522,Blitzle,45,60,32,50,32,76,Electric,,5.0,0.0
878,523,Zebstrika,75,100,63,80,63,116,Electric,,5.0,0.0
879,524,Roggenrola,55,75,85,25,25,15,Rock,,5.0,0.0
880,525,Boldore,70,105,105,50,40,20,Rock,,5.0,0.0
881,526,Gigalith,85,135,130,60,80,25,Rock,,5.0,0.0
882,527,Woobat,65,45,43,55,43,72,Psychic,Flying,5.0,0.0
883,528,Swoobat,67,57,55,77,55,114,Psychic,Flying,5.0,0.0
884,529,Drilbur,60,85,40,30,45,68,Ground,,5.0,0.0
885,530,Excadrill,110,135,60,50,65,88,Ground,Steel,5.0,0.0
886,531,Audino,103,60,86,60,86,50,Normal,,5.0,0.0
890,532,Timburr,75,80,55,25,35,35,Fighting,,5.0,0.0
891,533,Gurdurr,85,105,85,40,50,40,Fighting,,5.0,0.0
892,534,Conkeldurr,105,140,95,55,65,45,Fighting,,5.0,0.0
893,535,Tympole,50,50,40,50,40,64,Water,,5.0,0.0
894,536,Palpitoad,75,65,55,65,55,69,Water,Ground,5.0,0.0
895,537,Seismitoad,105,95,75,85,75,74,Water,Ground,5.0,0.0
896,538,Throh,120,100,85,30,85,45,Fighting,,5.0,0.0
897,539,Sawk,75,125,75,30,75,85,Fighting,,5.0,0.0
898,540,Sewaddle,45,53,70,40,60,42,Bug,Grass,5.0,0.0
899,541,Swadloon,55,63,90,50,80,42,Bug,Grass,5.0,0.0
900,542,Leavanny,75,103,80,70,80,92,Bug,Grass,5.0,0.0
901,543,Venipede,30,45,59,30,39,57,Bug,Poison,5.0,0.0
902,544,Whirlipede,40,55,99,40,79,47,Bug,Poison,5.0,0.0
903,545,Scolipede,60,100,89,55,69,112,Bug,Poison,5.0,0.0
904,546,Cottonee,40,27,60,37,50,66,Grass,Fairy,5.0,0.0
905,547,Whimsicott,60,67,85,77,75,116,Grass,Fairy,5.0,0.0
906,548,Petilil,45,35,50,70,50,30,Grass,,5.0,0.0
907,549,Lilligant,70,60,75,110,75,90,Grass,,5.0,0.0
909,550,Basculin Red-Striped Form,70,92,65,80,55,98,Water,,5.0,0.0
912,551,Sandile,50,72,35,35,35,65,Ground,Dark,5.0,0.0
913,552,Krokorok,60,82,45,45,45,74,Ground,Dark,5.0,0.0
914,553,Krookodile,95,117,80,65,70,92,Ground,Dark,5.0,0.0
915,554,Darumaka,70,90,45,15,45,50,Fire,,5.0,0.0
919,555,Darmanitan Standard Mode,105,140,55,30,55,95,Fire,,5.0,0.0
935,556,Maractus,75,86,67,106,67,60,Grass,,5.0,0.0
936,557,Dwebble,50,65,85,35,35,55,Bug,Rock,5.0,0.0
937,558,Crustle,70,105,125,65,75,45,Bug,Rock,5.0,0.0
938,559,Scraggy,50,75,70,35,70,48,Dark,Fighting,5.0,0.0
939,560,Scrafty,65,90,115,45,115,58,Dark,Fighting,5.0,0.0
940,561,Sigilyph,72,58,80,103,80,97,Psychic,Flying,5.0,0.0
941,562,Yamask,38,30,85,55,65,30,Ghost,,5.0,0.0
945,563,Cofagrigus,58,50,145,95,105,30,Ghost,,5.0,0.0
946,564,Tirtouga,54,78,103,53,45,22,Water,Rock,5.0,0.0
947,565,Carracosta,74,108,133,83,65,32,Water,Rock,5.0,0.0
948,566,Archen,55,112,45,74,45,70,Rock,Flying,5.0,0.0
949,567,Archeops,75,140,65,112,65,110,Rock,Flying,5.0,0.0
950,568,Trubbish,50,50,62,40,62,65,Poison,,5.0,0.0
951,569,Garbodor,80,95,82,60,82,75,Poison,,5.0,0.0
953,570,Zorua,40,65,40,80,40,65,Dark,,5.0,0.0
955,571,Zoroark,60,105,60,120,60,105,Dark,,5.0,0.0
957,572,Minccino,55,50,40,40,40,75,Normal,,5.0,0.0
958,573,Cinccino,75,95,60,65,60,115,Normal,,5.0,0.0
959,574,Gothita,45,30,50,55,65,45,Psychic,,5.0,0.0
960,575,Gothorita,60,45,70,75,85,55,Psychic,,5.0,0.0
961,576,Gothitelle,70,55,95,95,110,65,Psychic,,5.0,0.0
962,577,Solosis,45,30,40,105,50,20,Psychic,,5.0,0.0
963,578,Duosion,65,40,50,125,60,30,Psychic,,5.0,0.0
964,579,Reuniclus,110,65,75,125,85,30,Psychic,,5.0,0.0
965,580,Ducklett,62,44,50,44,50,55,Water,Flying,5.0,0.0
966,581,Swanna,75,87,63,87,63,98,Water,Flying,5.0,0.0
967,582,Vanillite,36,50,50,65,60,44,Ice,,5.0,0.0
968,583,Vanillish,51,65,65,80,75,59,Ice,,5.0,0.0
969,584,Vanilluxe,71,95,85,110,95,79,Ice,,5.0,0.0
970,585,Deerling,60,60,50,40,50,75,Normal,Grass,5.0,0.0
971,586,Sawsbuck,80,100,70,60,70,95,Normal,Grass,5.0,0.0
972,587,Emolga,55,75,60,75,60,103,Electric,Flying,5.0,0.0
973,588,Karrablast,50,75,45,40,45,60,Bug,,5.0,0.0
974,589,Escavalier,70,135,105,60,105,20,Bug,Steel,5.0,0.0
975,590,Foongus,69,55,45,55,55,15,Grass,Poison,5.0,0.0
976,591,Amoonguss,114,85,70,85,80,30,Grass,Poison,5.0,0.0
977,592,Frillish,55,40,50,65,85,40,Water,Ghost,5.0,0.0
978,593,Jellicent,100,60,70,85,105,60,Water,Ghost,5.0,0.0
979,594,Alomomola,165,75,80,40,45,65,Water,,5.0,0.0
980,595,Joltik,50,47,50,57,50,65,Bug,Electric,5.0,0.0
981,596,Galvantula,70,77,60,97,60,108,Bug,Electric,5.0,0.0
982,597,Ferroseed,44,50,91,24,86,10,Grass,Steel,5.0,0.0
983,598,Ferrothorn,74,94,131,54,116,20,Grass,Steel,5.0,0.0
984,599,Klink,40,55,70,45,60,30,Steel,,5.0,0.0
985,600,Klang,60,80,95,70,85,50,Steel,,5.0,0.0
986,601,Klinklang,60,100,115,70,85,90,Steel,,5.0,0.0
987,602,Tynamo,35,55,40,45,40,60,Electric,,5.0,0.0
988,603,Eelektrik,65,85,70,75,70,40,Electric,,5.0,0.0
989,604,Eelektross,85,115,80,105,80,50,Electric,,5.0,0.0
990,605,Elgyem,55,55,55,85,55,30,Psychic,,5.0,0.0
991,606,Beheeyem,75,75,75,125,95,40,Psychic,,5.0,0.0
992,607,Litwick,50,30,55,65,55,20,Ghost,Fire,5.0,0.0
993,608,Lampent,60,40,60,95,60,55,Ghost,Fire,5.0,0.0
994,609,Chandelure,60,55,90,145,90,80,Ghost,Fire,5.0,0.0
995,610,Axew,46,87,60,30,40,57,Dragon,,5.0,0.0
996,611,Fraxure,66,117,70,40,50,67,Dragon,,5.0,0.0
997,612,Haxorus,76,147,90,60,70,97,Dragon,,5.0,0.0
998,613,Cubchoo,55,70,40,60,40,40,Ice,,5.0,0.0
999,614,Beartic,95,130,80,70,80,50,Ice,,5.0,0.0
1000,615,Cryogonal,80,50,50,95,135,105,Ice,,5.0,0.0
1001,616,Shelmet,50,40,85,40,65,25,Bug,,5.0,0.0
1002,617,Accelgor,80,70,40,100,60,145,Bug,,5.0,0.0
1003,618,Stunfisk,109,66,84,81,99,32,Ground,Electric,5.0,0.0
1007,619,Mienfoo,45,85,50,55,50,65,Fighting,,5.0,0.0
1008,620,Mienshao,65,125,60,95,60,105,Fighting,,5.0,0.0
1009,621,Druddigon,77,120,90,60,90,48,Dragon,,5.0,0.0
1010,622,Golett,59,74,50,35,50,35,Ground,Ghost,5.0,0.0
1011,623,Golurk,89,124,80,55,80,55,Ground,Ghost,5.0,0.0
1012,624,Pawniard,45,85,70,40,40,60,Dark,Steel,5.0,0.0
1013,625,Bisharp,65,125,100,60,70,70,Dark,Steel,5.0,0.0
1014,626,Bouffalant,95,110,95,40,95,55,Normal,,5.0,0.0
1015,627,Rufflet,70,83,50,37,50,60,Normal,Flying,5.0,0.0
1016,628,Braviary,100,123,75,57,75,80,Normal,Flying,5.0,0.0
1018,629,Vullaby,70,55,75,45,65,60,Dark,Flying,5.0,0.0
1019,630,Mandibuzz,110,65,105,55,95,80,Dark,Flying,5.0,0.0
1020,631,Heatmor,85,97,66,105,66,65,Fire,,5.0,0.0
1021,632,Durant,58,109,112,48,48,109,Bug,Steel,5.0,0.0
1022,633,Deino,52,65,50,45,50,38,Dark,Dragon,5.0,0.0
1023,634,Zweilous,72,85,70,65,70,58,Dark,Dragon,5.0,0.0
1024,635,Hydreigon,92,105,90,125,90,98,Dark,Dragon,5.0,0.0
1025,636,Larvesta,55,85,55,50,55,60,Bug,Fire,5.0,0.0
1026,637,Volcarona,85,60,65,135,105,100,Bug,Fire,5.0,0.0
1027,638,Cobalion,91,90,129,90,72,108,Steel,Fighting,5.0,1.0
1028,639,Terrakion,91,129,90,72,90,108,Rock,Fighting,5.0,1.0
1029,640,Virizion,91,90,72,90,129,108,Grass,Fighting,5.0,1.0
1030,641,Tornadus Incarnate Forme,79,115,70,125,80,111,Flying,,5.0,1.0
1034,642,Thundurus Incarnate Forme,79,115,70,125,80,111,Electric,Flying,5.0,1.0
1038,643,Reshiram,100,120,100,150,120,90,Dragon,Fire,5.0,1.0
1039,644,Zekrom,100,150,120,120,100,90,Dragon,Electric,5.0,1.0
1040,645,Landorus Incarnate Forme,89,125,90,115,80,101,Ground,Flying,5.0,1.0
1044,646,Kyurem,125,130,90,130,90,95,Dragon,Ice,5.0,1.0
1053,647,Keldeo Ordinary Form,91,72,90,129,90,108,Water,Fighting,5.0,1.0
1057,648,Meloetta Aria Forme,100,77,77,128,128,90,Normal,Psychic,5.0,1.0
1061,649,Genesect,71,120,95,120,95,99,Bug,Steel,5.0,1.0
1062,650,Chespin,56,61,65,48,45,38,Grass,,6.0,0.0
1063,651,Quilladin,61,78,95,56,58,57,Grass,,6.0,0.0
1064,652,Chesnaught,88,107,122,74,75,64,Grass,Fighting,6.0,0.0
1065,653,Fennekin,40,45,40,62,60,60,Fire,,6.0,0.0
1066,654,Braixen,59,59,58,90,70,73,Fire,,6.0,0.0
1067,655,Delphox,75,69,72,114,100,104,Fire,Psychic,6.0,0.0
1068,656,Froakie,41,56,40,62,44,71,Water,,6.0,0.0
1069,657,Frogadier,54,63,52,83,56,97,Water,,6.0,0.0
1070,658,Greninja,72,95,67,103,71,122,Water,Dark,6.0,0.0
1074,659,Bunnelby,38,36,38,32,36,57,Normal,,6.0,0.0
1075,660,Diggersby,85,56,77,50,77,78,Normal,Ground,6.0,0.0
1076,661,Fletchling,45,50,43,40,38,62,Normal,Flying,6.0,0.0
1077,662,Fletchinder,62,73,55,56,52,84,Fire,Flying,6.0,0.0
1078,663,Talonflame,78,81,71,74,69,126,Fire,Flying,6.0,0.0
1079,664,Scatterbug,38,35,40,27,25,35,Bug,,6.0,0.0
1080,665,Spewpa,45,22,60,27,30,29,Bug,,6.0,0.0
1081,666,Vivillon,80,52,50,90,50,89,Bug,Flying,6.0,0.0
1082,667,Litleo,62,50,58,73,54,72,Fire,Normal,6.0,0.0
1083,668,Pyroar,86,68,72,109,66,106,Fire,Normal,6.0,0.0
1084,669,Flabébé,44,38,39,61,79,42,Fairy,,6.0,0.0
1085,670,Floette,54,45,47,75,98,52,Fairy,,6.0,0.0
1086,671,Florges,78,65,68,112,154,75,Fairy,,6.0,0.0
1087,672,Skiddo,66,65,48,62,57,52,Grass,,6.0,0.0
1088,673,Gogoat,123,100,62,97,81,68,Grass,,6.0,0.0
1089,674,Pancham,67,82,62,46,48,43,Fighting,,6.0,0.0
1090,675,Pangoro,95,124,78,69,71,58,Fighting,Dark,6.0,0.0
1091,676,Furfrou,75,80,60,65,90,102,Normal,,6.0,0.0
1092,677,Espurr,62,48,54,63,60,68,Psychic,,6.0,0.0
1093,678,Meowstic Male,74,48,76,83,81,104,Psychic,,6.0,0.0
1097,679,Honedge,45,80,100,35,37,28,Steel,Ghost,6.0,0.0
1098,680,Doublade,59,110,150,45,49,35,Steel,Ghost,6.0,0.0
1099,681,Aegislash Shield Forme,60,50,140,50,140,60,Steel,Ghost,6.0,0.0
1103,682,Spritzee,78,52,60,63,65,23,Fairy,,6.0,0.0
1104,683,Aromatisse,101,72,72,99,89,29,Fairy,,6.0,0.0
1105,684,Swirlix,62,48,66,59,57,49,Fairy,,6.0,0.0
1106,685,Slurpuff,82,80,86,85,75,72,Fairy,,6.0,0.0
1107,686,Inkay,53,54,53,37,46,45,Dark,Psychic,6.0,0.0
1108,687,Malamar,86,92,88,68,75,73,Dark,Psychic,6.0,0.0
1109,688,Binacle,42,52,67,39,56,50,Rock,Water,6.0,0.0
1110,689,Barbaracle,72,105,115,54,86,68,Rock,Water,6.0,0.0
1111,690,Skrelp,50,60,60,60,60,30,Poison,Water,6.0,0.0
1112,691,Dragalge,65,75,90,97,123,44,Poison,Dragon,6.0,0.0
1113,692,Clauncher,50,53,62,58,63,44,Water,,6.0,0.0
1114,693,Clawitzer,71,73,88,120,89,59,Water,,6.0,0.0
1115,694,Helioptile,44,38,33,61,43,70,Electric,Normal,6.0,0.0
1116,695,Heliolisk,62,55,52,109,94,109,Electric,Normal,6.0,0.0
1117,696,Tyrunt,58,89,77,45,45,48,Rock,Dragon,6.0,0.0
1118,697,Tyrantrum,82,121,119,69,59,71,Rock,Dragon,6.0,0.0
1119,698,Amaura,77,59,50,67,63,46,Rock,Ice,6.0,0.0
1120,699,Aurorus,123,77,72,99,92,58,Rock,Ice,6.0,0.0
1121,700,Sylveon,95,65,65,110,130,60,Fairy,,6.0,0.0
1122,701,Hawlucha,78,92,75,74,63,118,Fighting,Flying,6.0,0.0
1123,702,Dedenne,67,58,57,81,67,101,Electric,Fairy,6.0,0.0
1124,703,Carbink,50,50,150,50,150,50,Rock,Fairy,6.0,0.0
1125,704,Goomy,45,50,35,55,75,40,Dragon,,6.0,0.0
1126,705,Sliggoo,68,75,53,83,113,60,Dragon,,6.0,0.0
1128,706,Goodra,90,100,70,110,150,80,Dragon,,6.0,0.0
1130,707,Klefki,57,80,91,80,87,75,Steel,Fairy,6.0,0.0
1131,708,Phantump,43,70,48,50,60,38,Ghost,Grass,6.0,0.0
1132,709,Trevenant,85,110,76,65,82,56,Ghost,Grass,6.0,0.0
1133,710,Pumpkaboo Average Size,49,66,70,44,55,51,Ghost,Grass,6.0,0.0
1149,711,Gourgeist Average Size,65,90,122,58,75,84,Ghost,Grass,6.0,0.0
1165,712,Bergmite,55,69,85,32,35,28,Ice,,6.0,0.0
1166,713,Avalugg,95,117,184,44,46,28,Ice,,6.0,0.0
1168,714,Noibat,40,30,35,45,40,55,Flying,Dragon,6.0,0.0
1169,715,Noivern,85,70,80,97,80,123,Flying,Dragon,6.0,0.0
1170,716,Xerneas,126,131,95,131,98,99,Fairy,,6.0,1.0
1171,717,Yveltal,126,131,95,131,98,99,Dark,Flying,6.0,1.0
1172,718,Zygarde 50% Forme,108,100,121,81,95,95,Dragon,Ground,6.0,1.0
1181,719,Diancie,50,100,150,100,150,50,Rock,Fairy,6.0,1.0
1185,720,Hoopa Hoopa Confined,80,110,60,150,130,70,Psychic,Ghost,6.0,1.0
1189,721,Volcanion,80,110,120,130,90,70,Fire,Water,6.0,1.0
1190,722,Rowlet,68,55,55,50,50,42,Grass,Flying,7.0,0.0
1191,723,Dartrix,78,75,75,70,70,52,Grass,Flying,7.0,0.0
1192,724,Decidueye,78,107,75,100,100,70,Grass,Ghost,7.0,0.0
1194,725,Litten,45,65,40,60,40,70,Fire,,7.0,0.0
1195,726,Torracat,65,85,50,80,50,90,Fire,,7.0,0.0
1196,727,Incineroar,95,115,90,80,90,60,Fire,Dark,7.0,0.0
1197,728,Popplio,50,54,54,66,56,40,Water,,7.0,0.0
1198,729,Brionne,60,69,69,91,81,50,Water,,7.0,0.0
1199,730,Primarina,80,74,74,126,116,60,Water,Fairy,7.0,0.0
1200,731,Pikipek,35,75,30,30,30,65,Normal,Flying,7.0,0.0
1201,732,Trumbeak,55,85,50,40,50,75,Normal,Flying,7.0,0.0
1202,733,Toucannon,80,120,75,75,75,60,Normal,Flying,7.0,0.0
1203,734,Yungoos,48,70,30,30,30,45,Normal,,7.0,0.0
1204,735,Gumshoos,88,110,60,55,60,45,Normal,,7.0,0.0
1205,736,Grubbin,47,62,45,55,45,46,Bug,,7.0,0.0
1206,737,Charjabug,57,82,95,55,75,36,Bug,Electric,7.0,0.0
1207,738,Vikavolt,77,70,90,145,75,43,Bug,Electric,7.0,0.0
1208,739,Crabrawler,47,82,57,42,47,63,Fighting,,7.0,0.0
1209,740,Crabominable,97,132,77,62,67,43,Fighting,Ice,7.0,0.0
1210,741,Oricorio Baile Style,75,70,70,98,70,93,Fire,Flying,7.0,0.0
1226,742,Cutiefly,40,45,40,55,40,84,Bug,Fairy,7.0,0.0
1227,743,Ribombee,60,55,60,95,70,124,Bug,Fairy,7.0,0.0
1228,744,Rockruff,45,65,40,30,40,60,Rock,,7.0,0.0
1230,745,Lycanroc Midday Form,75,115,65,55,65,112,Rock,,7.0,0.0
1239,746,Wishiwashi Solo Form,45,20,20,25,25,40,Water,,7.0,0.0
1243,747,Mareanie,50,53,62,43,52,45,Poison,Water,7.0,0.0
1244,748,Toxapex,50,63,152,53,142,35,Poison,Water,7.0,0.0
1245,749,Mudbray,70,100,70,45,55,45,Ground,,7.0,0.0
1246,750,Mudsdale,100,125,100,55,85,35,Ground,,7.0,0.0
1247,751,Dewpider,38,40,52,40,72,27,Water,Bug,7.0,0.0
1248,752,Araquanid,68,70,92,50,132,42,Water,Bug,7.0,0.0
1249,753,Fomantis,40,55,35,50,35,35,Grass,,7.0,0.0
1250,754,Lurantis,70,105,90,80,90,45,Grass,,7.0,0.0
1251,755,Morelull,40,35,55,65,75,15,Grass,Fairy,7.0,0.0
1252,756,Shiinotic,60,45,80,90,100,30,Grass,Fairy,7.0,0.0
1253,757,Salandit,48,44,40,71,40,77,Poison,Fire,7.0,0.0
1254,758,Salazzle,68,64,60,111,60,117,Poison,Fire,7.0,0.0
1255,759,Stufful,70,75,50,45,50,50,Normal,Fighting,7.0,0.0
1256,760,Bewear,120,125,80,55,60,60,Normal,Fighting,7.0,0.0
1257,761,Bounsweet,42,30,38,30,38,32,Grass,,7.0,0.0
1258,762,Steenee,52,40,48,40,48,62,Grass,,7.0,0.0
1259,763,Tsareena,72,120,98,50,98,72,Grass,,7.0,0.0
1260,764,Comfey,51,52,90,82,110,100,Fairy,,7.0,0.0
1261,765,Oranguru,90,60,80,90,110,60,Normal,Psychic,7.0,0.0
1262,766,Passimian,100,120,90,40,60,80,Fighting,,7.0,0.0
1263,767,Wimpod,25,35,40,20,30,80,Bug,Water,7.0,0.0
1264,768,Golisopod,75,125,140,60,90,40,Bug,Water,7.0,0.0
1265,769,Sandygast,55,55,80,70,45,15,Ghost,Ground,7.0,0.0
1266,770,Palossand,85,75,110,100,75,35,Ghost,Ground,7.0,0.0
1267,771,Pyukumuku,55,60,130,30,130,5,Water,,7.0,0.0
1268,772,Type: Null,95,95,95,95,95,59,Normal,,7.0,0.0
1269,773,Silvally,95,95,95,95,95,95,Normal,,7.0,0.0
1270,774,Minior Meteor Form,60,60,100,60,100,60,Rock,Flying,7.0,0.0
1274,775,Komala,65,115,65,75,95,65,Normal,,7.0,0.0
1275,776,Turtonator,60,78,135,91,85,36,Fire,Dragon,7.0,0.0
1276,777,Togedemaru,65,98,63,40,73,96,Electric,Steel,7.0,0.0
1277,778,Mimikyu,55,90,80,50,105,96,Ghost,Fairy,7.0,0.0
1278,779,Bruxish,68,105,70,70,70,92,Water,Psychic,7.0,0.0
1279,780,Drampa,78,60,85,135,91,36,Normal,Dragon,7.0,0.0
1280,781,Dhelmise,70,131,100,86,90,40,Ghost,Grass,7.0,0.0
1281,782,Jangmo-o,45,55,65,45,45,45,Dragon,,7.0,0.0
1282,783,Hakamo-o,55,75,90,65,70,65,Dragon,Fighting,7.0,0.0
1283,784,Kommo-o,75,110,125,100,105,85,Dragon,Fighting,7.0,0.0
1284,785,Tapu Koko,70,115,85,95,75,130,Electric,Fairy,7.0,1.0
1285,786,Tapu Lele,70,85,75,130,115,95,Psychic,Fairy,7.0,1.0
1286,787,Tapu Bulu,70,130,115,85,95,75,Grass,Fairy,7.0,1.0
1287,788,Tapu Fini,70,75,115,95,130,85,Water,Fairy,7.0,1.0
1288,789,Cosmog,43,29,31,29,31,37,Psychic,,7.0,1.0
1289,790,Cosmoem,43,29,131,29,131,37,Psychic,,7.0,1.0
1290,791,Solgaleo,137,137,107,113,89,97,Psychic,Steel,7.0,1.0
1291,792,Lunala,137,113,89,137,107,97,Psychic,Ghost,7.0,1.0
1292,793,Nihilego,109,53,47,127,131,103,Rock,Poison,7.0,0.0
1293,794,Buzzwole,107,139,139,53,53,79,Bug,Fighting,7.0,0.0
1294,795,Pheromosa,71,137,37,137,37,151,Bug,Fighting,7.0,0.0
1295,796,Xurkitree,83,89,71,173,71,83,Electric,,7.0,0.0
1296,797,Celesteela,97,101,103,107,101,61,Steel,Flying,7.0,0.0
1297,798,Kartana,59,181,131,59,31,109,Grass,Steel,7.0,0.0
1298,799,Guzzlord,223,101,53,97,53,43,Dark,Dragon,7.0,0.0
1299,800,Necrozma,97,107,101,127,89,79,Psychic,,7.0,1.0
1315,801,Magearna,80,95,115,130,115,65,Steel,Fairy,7.0,1.0
1316,802,Marshadow,90,125,80,90,90,125,Fighting,Ghost,7.0,1.0
1317,803,Poipole,67,73,67,73,67,73,Poison,,7.0,0.0
1318,804,Naganadel,73,73,73,127,73,121,Poison,Dragon,7.0,0.0
1319,805,Stakataka,61,131,211,53,101,13,Rock,Steel,7.0,0.0
1320,806,Blacephalon,53,127,53,151,79,107,Fire,Ghost,7.0,0.0
1321,807,Zeraora,88,112,75,102,80,143,Electric,,7.0,1.0
1322,808,Meltan,46,65,65,55,35,34,Steel,,7.0,1.0
1323,809,Melmetal,135,143,143,80,65,34,Steel,,7.0,1.0
1325,810,Grookey,50,65,50,40,40,65,Grass,,8.0,0.0
1326,811,Thwackey,70,85,70,55,60,80,Grass,,8.0,0.0
1327,812,Rillaboom,100,125,90,60,70,85,Grass,,8.0,0.0
1329,813,Scorbunny,50,71,40,40,40,69,Fire,,8.0,0.0
1330,814,Raboot,65,86,60,55,60,94,Fire,,8.0,0.0
1331,815,Cinderace,80,116,75,65,75,119,Fire,,8.0,0.0
1333,816,Sobble,50,40,40,70,40,70,Water,,8.0,0.0
1334,817,Drizzile,65,60,55,95,55,90,Water,,8.0,0.0
1335,818,Inteleon,70,85,65,125,65,120,Water,,8.0,0.0
1337,819,Skwovet,70,55,55,35,35,25,Normal,,8.0,0.0
1338,820,Greedent,120,95,95,55,75,20,Normal,,8.0,0.0
1339,821,Rookidee,38,47,35,33,35,57,Flying,,8.0,0.0
1340,822,Corvisquire,68,67,55,43,55,77,Flying,,8.0,0.0
1341,823,Corviknight,98,87,105,53,85,67,Flying,Steel,8.0,0.0
1343,824,Blipbug,25,20,20,25,45,45,Bug,,8.0,0.0
1344,825,Dottler,50,35,80,50,90,30,Bug,Psychic,8.0,0.0
1345,826,Orbeetle,60,45,110,80,120,90,Bug,Psychic,8.0,0.0
1347,827,Nickit,40,28,28,47,52,50,Dark,,8.0,0.0
1348,828,Thievul,70,58,58,87,92,90,Dark,,8.0,0.0
1349,829,Gossifleur,40,40,60,40,60,10,Grass,,8.0,0.0
1350,830,Eldegoss,60,50,90,80,120,60,Grass,,8.0,0.0
1351,831,Wooloo,42,40,55,40,45,48,Normal,,8.0,0.0
1352,832,Dubwool,72,80,100,60,90,88,Normal,,8.0,0.0
1353,833,Chewtle,50,64,50,38,38,44,Water,,8.0,0.0
1354,834,Drednaw,90,115,90,48,68,74,Water,Rock,8.0,0.0
1356,835,Yamper,59,45,50,40,50,26,Electric,,8.0,0.0
1357,836,Boltund,69,90,60,90,60,121,Electric,,8.0,0.0
1358,837,Rolycoly,30,40,50,40,50,30,Rock,,8.0,0.0
1359,838,Carkol,80,60,90,60,70,50,Rock,Fire,8.0,0.0
1360,839,Coalossal,110,80,120,80,90,30,Rock,Fire,8.0,0.0
1362,840,Applin,40,40,80,40,40,20,Grass,Dragon,8.0,0.0
1363,841,Flapple,70,110,80,95,60,70,Grass,Dragon,8.0,0.0
1365,842,Appletun,110,85,80,100,80,30,Grass,Dragon,8.0,0.0
1367,843,Silicobra,52,57,75,35,50,46,Ground,,8.0,0.0
1368,844,Sandaconda,72,107,125,65,70,71,Ground,,8.0,0.0
1370,845,Cramorant,70,85,55,85,95,85,Flying,Water,8.0,0.0
1371,846,Arrokuda,41,63,40,40,30,66,Water,,8.0,0.0
1372,847,Barraskewda,61,123,60,60,50,136,Water,,8.0,0.0
1373,848,Toxel,40,38,35,54,35,40,Electric,Poison,8.0,0.0
1374,849,Toxtricity Amped Form,75,98,70,114,70,75,Electric,Poison,8.0,0.0
1380,850,Sizzlipede,50,65,45,50,50,45,Fire,Bug,8.0,0.0
1381,851,Centiskorch,100,115,65,90,90,65,Fire,Bug,8.0,0.0
1383,852,Clobbopus,50,68,60,50,50,32,Fighting,,8.0,0.0
1384,853,Grapploct,80,118,90,70,80,42,Fighting,,8.0,0.0
1385,854,Sinistea,40,45,45,74,54,50,Ghost,,8.0,0.0
1386,855,Polteageist,60,65,65,134,114,70,Ghost,,8.0,0.0
1387,856,Hatenna,42,30,45,56,53,39,Psychic,,8.0,0.0
1388,857,Hattrem,57,40,65,86,73,49,Psychic,,8.0,0.0
1389,858,Hatterene,57,90,95,136,103,29,Psychic,Fairy,8.0,0.0
1391,859,Impidimp,45,45,30,55,40,50,Dark,Fairy,8.0,0.0
1392,860,Morgrem,65,60,45,75,55,70,Dark,Fairy,8.0,0.0
1393,861,Grimmsnarl,95,120,65,95,75,60,Dark,Fairy,8.0,0.0
1395,862,Obstagoon,93,90,101,60,81,95,Dark,Normal,8.0,0.0
1396,863,Perrserker,70,110,100,50,60,50,Steel,,8.0,0.0
1397,864,Cursola,60,95,50,145,130,30,Ghost,,8.0,0.0
1398,865,Sirfetch'd,62,135,95,68,82,65,Fighting,,8.0,0.0
1399,866,Mr. Rime,80,85,75,110,100,70,Ice,Psychic,8.0,0.0
1400,867,Runerigus,58,95,145,50,105,30,Ground,Ghost,8.0,0.0
1401,868,Milcery,45,40,40,50,61,34,Fairy,,8.0,0.0
1402,869,Alcremie,65,60,75,110,121,64,Fairy,,8.0,0.0
1404,870,Falinks,65,100,100,70,60,75,Fighting,,8.0,0.0
1405,871,Pincurchin,48,101,95,91,85,15,Electric,,8.0,0.0
1406,872,Snom,30,25,35,45,30,20,Ice,Bug,8.0,0.0
1407,873,Frosmoth,70,65,60,125,90,65,Ice,Bug,8.0,0.0
1408,874,Stonjourner,100,125,135,20,20,70,Rock,,8.0,0.0
1409,875,Eiscue Ice Face,75,80,110,65,90,50,Ice,,8.0,0.0
1413,876,Indeedee Male,60,65,55,105,95,95,Psychic,Normal,8.0,0.0
1417,877,Morpeko Full Belly Mode,58,95,58,70,58,97,Electric,Dark,8.0,0.0
1421,878,Cufant,72,80,49,40,49,40,Steel,,8.0,0.0
1422,879,Copperajah,122,130,69,80,69,30,Steel,,8.0,0.0
1424,880,Dracozolt,90,100,90,80,70,75,Electric,Dragon,8.0,0.0
1425,881,Arctozolt,90,100,90,90,80,55,Electric,Ice,8.0,0.0
1426,882,Dracovish,90,90,100,70,80,75,Water,Dragon,8.0,0.0
1427,883,Arctovish,90,90,100,80,90,55,Water,Ice,8.0,0.0
1428,884,Duraludon,70,95,115,120,50,85,Steel,Dragon,8.0,0.0
1430,885,Dreepy,28,60,30,40,30,82,Dragon,Ghost,8.0,0.0
1431,886,Drakloak,68,80,50,60,50,102,Dragon,Ghost,8.0,0.0
1432,887,Dragapult,88,120,75,100,75,142,Dragon,Ghost,8.0,0.0
1433,888,Zacian Hero of Many Battles,92,120,115,80,115,138,Fairy,,8.0,1.0
1437,889,Zamazenta Hero of Many Battles,92,120,115,80,115,138,Fighting,,8.0,1.0
1441,890,Eternatus,140,85,95,145,95,130,Poison,Dragon,8.0,1.0
1445,891,Kubfu,60,90,60,53,50,72,Fighting,,8.0,1.0
1446,892,Urshifu Single Strike Style,100,130,100,63,60,97,Fighting,Dark,8.0,1.0
1454,893,Zarude,105,120,105,70,95,105,Dark,Grass,8.0,1.0
1456,894,Regieleki,80,100,50,100,50,200,Electric,,8.0,1.0
1457,895,Regidrago,200,100,50,100,50,80,Dragon,,8.0,1.0
1458,896,Glastrier,100,145,130,65,110,30,Ice,,8.0,1.0
1459,897,Spectrier,100,65,60,145,80,130,Ghost,,8.0,1.0
1460,898,Calyrex,100,80,80,80,80,80,Psychic,Grass,8.0,1.0
1469,899,Wyrdeer,103,105,72,105,75,65,Normal,Psychic,8.0,0.0
1470,900,Kleavor,70,135,95,45,70,85,Bug,Rock,8.0,0.0
1471,901,Ursaluna,130,140,105,45,80,50,Ground,Normal,8.0,0.0
1472,902,Basculegion Male,120,112,65,80,75,78,Water,Ghost,8.0,0.0
1474,903,Sneasler,80,130,60,40,80,120,Fighting,Poison,8.0,0.0
1475,904,Overqwil,85,115,95,65,65,85,Dark,Poison,8.0,0.0
1476,905,Enamorus Incarnate Forme,74,115,70,135,80,106,Fairy,Flying,8.0,0.0
1478,906,Sprigatito,40,61,54,45,45,65,Grass,,9.0,0.0
1479,907,Floragato,61,80,63,60,63,83,Grass,,9.0,0.0
1480,908,Meowscarada,76,110,70,81,70,123,Grass,Dark,9.0,0.0
1481,909,Fuecoco,67,45,59,63,40,36,Fire,,9.0,0.0
1482,910,Crocalor,81,55,78,90,58,49,Fire,,9.0,0.0
1483,911,Skeledirge,104,75,100,110,75,66,Fire,Ghost,9.0,0.0
1484,912,Quaxly,55,65,45,50,45,50,Water,,9.0,0.0
1485,913,Quaxwell,70,85,65,65,60,65,Water,,9.0,0.0
1486,914,Quaquaval,85,120,80,85,75,85,Water,Fighting,9.0,0.0
1487,915,Lechonk,54,45,40,35,45,35,Normal,,9.0,0.0
1488,916,Oinkologne Male,110,100,75,59,80,65,Normal,,9.0,0.0
1490,917,Tarountula,35,41,45,29,40,20,Bug,,9.0,0.0
1491,918,Spidops,60,79,92,52,86,35,Bug,,9.0,0.0
1492,919,Nymble,33,46,40,21,25,45,Bug,,9.0,0.0
1493,920,Lokix,71,102,78,52,55,92,Bug,Dark,9.0,0.0
1494,921,Pawmi,45,50,20,40,25,60,Electric,,9.0,0.0
1495,922,Pawmo,60,75,40,50,40,85,Electric,Fighting,9.0,0.0
1496,923,Pawmot,70,115,70,70,60,105,Electric,Fighting,9.0,0.0
1497,924,Tandemaus,50,50,45,40,45,75,Normal,,9.0,0.0
1498,925,Maushold Family of Four,74,75,70,65,75,111,Normal,,9.0,0.0
1500,926,Fidough,37,55,70,30,55,65,Fairy,,9.0,0.0
1501,927,Dachsbun,57,80,115,50,80,95,Fairy,,9.0,0.0
1502,928,Smoliv,41,35,45,58,51,30,Grass,Normal,9.0,0.0
1503,929,Dolliv,52,53,60,78,78,33,Grass,Normal,9.0,0.0
1504,930,Arboliva,78,69,90,125,109,39,Grass,Normal,9.0,0.0
1505,931,Squawkabilly Green Plumage,82,96,51,45,51,92,Normal,Flying,9.0,0.0
1509,932,Nacli,55,55,75,35,35,25,Rock,,9.0,0.0
1510,933,Naclstack,60,60,100,35,65,35,Rock,,9.0,0.0
1511,934,Garganacl,100,100,130,45,90,35,Rock,,9.0,0.0
1512,935,Charcadet,40,50,40,50,40,35,Fire,,9.0,0.0
1513,936,Armarouge,85,60,100,125,80,75,Fire,Psychic,9.0,0.0
1514,937,Ceruledge,75,125,80,60,100,85,Fire,Ghost,9.0,0.0
1515,938,Tadbulb,61,31,41,59,35,45,Electric,,9.0,0.0
1516,939,Bellibolt,109,64,91,103,83,45,Electric,,9.0,0.0
1517,940,Wattrel,40,40,35,55,40,70,Electric,Flying,9.0,0.0
1518,941,Kilowattrel,70,70,60,105,60,125,Electric,Flying,9.0,0.0
1519,942,Maschiff,60,78,60,40,51,51,Dark,,9.0,0.0
1520,943,Mabosstiff,80,120,90,60,70,85,Dark,,9.0,0.0
1521,944,Shroodle,40,65,35,40,35,75,Poison,Normal,9.0,0.0
1522,945,Grafaiai,63,95,65,80,72,110,Poison,Normal,9.0,0.0
1523,946,Bramblin,40,65,30,45,35,60,Grass,Ghost,9.0,0.0
1524,947,Brambleghast,55,115,70,80,70,90,Grass,Ghost,9.0,0.0
1525,948,Toedscool,40,40,35,50,100,70,Ground,Grass,9.0,0.0
1526,949,Toedscruel,80,70,65,80,120,100,Ground,Grass,9.0,0.0
1527,950,Klawf,70,100,115,35,55,75,Rock,,9.0,0.0
1528,951,Capsakid,50,62,40,62,40,50,Grass,,9.0,0.0
1529,952,Scovillain,65,108,65,108,65,75,Grass,Fire,9.0,0.0
1530,953,Rellor,41,50,60,31,58,30,Bug,,9.0,0.0
1531,954,Rabsca,75,50,85,115,100,45,Bug,Psychic,9.0,0.0
1532,955,Flittle,30,35,30,55,30,75,Psychic,,9.0,0.0
1533,956,Espathra,95,60,60,101,60,105,Psychic,,9.0,0.0
1534,957,Tinkatink,50,45,45,35,64,58,Fairy,Steel,9.0,0.0
1535,958,Tinkatuff,65,55,55,45,82,78,Fairy,Steel,9.0,0.0
1536,959,Tinkaton,85,75,77,70,105,94,Fairy,Steel,9.0,0.0
1537,960,Wiglett,10,55,25,35,25,95,Water,,9.0,0.0
1538,961,Wugtrio,35,100,50,50,70,120,Water,,9.0,0.0
1539,962,Bombirdier,70,103,85,60,85,82,Flying,Dark,9.0,0.0
1540,963,Finizen,70,45,40,45,40,75,Water,,9.0,0.0
1541,964,Palafin Zero Form,100,70,72,53,62,100,Water,,9.0,0.0
1543,965,Varoom,45,70,63,30,45,47,Steel,Poison,9.0,0.0
1544,966,Revavroom,80,119,90,54,67,90,Steel,Poison,9.0,0.0
1545,967,Cyclizar,70,95,65,85,65,121,Dragon,Normal,9.0,0.0
1546,968,Orthworm,70,85,145,60,55,65,Steel,,9.0,0.0
1547,969,Glimmet,48,35,42,105,60,60,Rock,Poison,9.0,0.0
1548,970,Glimmora,83,55,90,130,81,86,Rock,Poison,9.0,0.0
1549,971,Greavard,50,61,60,30,55,34,Ghost,,9.0,0.0
1550,972,Houndstone,72,101,100,50,97,68,Ghost,,9.0,0.0
1551,973,Flamigo,82,115,74,75,64,90,Flying,Fighting,9.0,0.0
1552,974,Cetoddle,108,68,45,30,40,43,Ice,,9.0,0.0
1553,975,Cetitan,170,113,65,45,55,73,Ice,,9.0,0.0
1554,976,Veluza,90,102,73,78,65,70,Water,Psychic,9.0,0.0
1555,977,Dondozo,150,100,115,65,65,35,Water,,9.0,0.0
1556,978,Tatsugiri Curly Form,68,50,60,120,95,82,Dragon,Water,9.0,0.0
1559,979,Annihilape,110,115,80,50,90,90,Fighting,Ghost,9.0,0.0
1560,980,Clodsire,130,75,60,45,100,20,Poison,Ground,9.0,0.0
1561,981,Farigiraf,120,90,70,110,70,60,Normal,Psychic,9.0,0.0
1562,982,Dudunsparce Two-Segment Form,125,100,80,85,75,55,Normal,,9.0,0.0
1564,983,Kingambit,100,135,120,60,85,50,Dark,Steel,9.0,0.0
1565,984,Great Tusk,115,131,131,53,53,87,Ground,Fighting,9.0,0.0
1566,985,Scream Tail,115,65,99,65,115,111,Fairy,Psychic,9.0,0.0
1567,986,Brute Bonnet,111,127,99,79,99,55,Grass,Dark,9.0,0.0
1568,987,Flutter Mane,55,55,55,135,135,135,Ghost,Fairy,9.0,0.0
1569,988,Slither Wing,85,135,79,85,105,81,Bug,Fighting,9.0,0.0
1570,989,Sandy Shocks,85,81,97,121,85,101,Electric,Ground,9.0,0.0
1571,990,Iron Treads,90,112,120,72,70,106,Ground,Steel,9.0,0.0
1572,991,Iron Bundle,56,80,114,124,60,136,Ice,Water,9.0,0.0
1573,992,Iron Hands,154,140,108,50,68,50,Fighting,Electric,9.0,0.0
1574,993,Iron Jugulis,94,80,86,122,80,108,Dark,Flying,9.0,0.0
1575,994,Iron Moth,80,70,60,140,110,110,Fire,Poison,9.0,0.0
1576,995,Iron Thorns,100,134,110,70,84,72,Rock,Electric,9.0,0.0
1577,996,Frigibax,65,75,45,35,45,55,Dragon,Ice,9.0,0.0
1578,997,Arctibax,90,95,66,45,65,62,Dragon,Ice,9.0,0.0
1579,998,Baxcalibur,115,145,92,75,86,87,Dragon,Ice,9.0,0.0
1580,999,Gimmighoul Chest Form,45,30,70,75,70,10,Ghost,,9.0,0.0
1582,1000,Gholdengo,87,60,95,133,91,84,Steel,Ghost,9.0,0.0
1583,1001,Wo-Chien,85,85,100,95,135,70,Dark,Grass,9.0,1.0
1584,1002,Chien-Pao,80,120,80,90,65,135,Dark,Ice,9.0,1.0
1585,1003,Ting-Lu,155,110,125,55,80,45,Dark,Ground,9.0,1.0
1586,1004,Chi-Yu,55,80,80,135,120,100,Dark,Fire,9.0,1.0
1587,1005,Roaring Moon,105,139,71,55,101,119,Dragon,Dark,9.0,0.0
1588,1006,Iron Valiant,74,130,90,120,60,116,Fairy,Fighting,9.0,0.0
1589,1007,Koraidon,100,135,115,85,100,135,Fighting,Dragon,9.0,1.0
1590,1008,Miraidon,100,85,100,135,115,135,Electric,Dragon,9.0,1.0
1591,1009,Walking Wake,99,83,91,125,83,109,Water,Dragon,9.0,0.0
1592,1010,Iron Leaves,90,130,88,70,108,104,Grass,Psychic,9.0,0.0
1593,1011,Dipplin,80,80,110,95,80,40,Grass,Dragon,9.0,0.0
1594,1012,Poltchageist,40,45,45,74,54,50,Grass,Ghost,9.0,0.0
1595,1013,Sinistcha,71,60,106,121,80,70,Grass,Ghost,9.0,0.0
1596,1014,Okidogi,88,128,115,58,86,80,Poison,Fighting,9.0,1.0
1597,1015,Munkidori,88,75,66,130,90,106,Poison,Psychic,9.0,1.0
1598,1016,Fezandipiti,88,91,82,70,125,99,Poison,Fairy,9.0,1.0
1599,1017,Ogerpon,80,120,84,60,96,110,Grass,Fire,9.0,1.0
1600,1018,Archaludon,90,105,130,125,65,85,Steel,Dragon,9.0,0.0
1601,1019,Hydrapple,106,80,110,120,80,44,Grass,Dragon,9.0,0.0
1602,1020,Gouging Fire,105,115,121,65,93,91,Fire,Dragon,9.0,0.0
1603,1021,Raging Bolt,125,73,91,137,89,75,Electric,Dragon,9.0,0.0
1604,1022,Iron Boulder,90,120,80,68,108,124,Rock,Psychic,9.0,0.0
1605,1023,Iron Crown,90,72,100,122,108,98,Steel,Psychic,9.0,0.0
1606,1024,Terapagos,90,65,85,65,85,60,Normal,,9.0,1.0
1607,1025,Pecharunt,88,88,160,88,88,88,Poison,Ghost,9.0,0.0
